email_id,names
12341devil@gmail.com,12341
12346devil@gmail.com,12346
12347devil@gmail.com,12347
12348devil@gmail.com,12348
12349devil@gmail.com,12349
12350devil@gmail.com,12350
12351devil@gmail.com,12351
12352devil@gmail.com,12352
12353devil@gmail.com,12353
12354devil@gmail.com,12354
12355devil@gmail.com,12355
12356devil@gmail.com,12356
12357devil@gmail.com,12357
12358devil@gmail.com,12358
12359devil@gmail.com,12359
12360devil@gmail.com,12360
12361devil@gmail.com,12361
12362devil@gmail.com,12362
12363devil@gmail.com,12363
12364devil@gmail.com,12364
12365devil@gmail.com,12365
12366devil@gmail.com,12366
12367devil@gmail.com,12367
12368devil@gmail.com,12368
12369devil@gmail.com,12369
12370devil@gmail.com,12370
12371devil@gmail.com,12371
12372devil@gmail.com,12372
12373devil@gmail.com,12373
12374devil@gmail.com,12374
12375devil@gmail.com,12375
12376devil@gmail.com,12376
12377devil@gmail.com,12377
12378devil@gmail.com,12378
12379devil@gmail.com,12379
12380devil@gmail.com,12380
12381devil@gmail.com,12381
12382devil@gmail.com,12382
12383devil@gmail.com,12383
12384devil@gmail.com,12384
12385devil@gmail.com,12385
12386devil@gmail.com,12386
12387devil@gmail.com,12387
12388devil@gmail.com,12388
12389devil@gmail.com,12389
12390devil@gmail.com,12390
12391devil@gmail.com,12391
12392devil@gmail.com,12392
12393devil@gmail.com,12393
12394devil@gmail.com,12394
12395devil@gmail.com,12395
12396devil@gmail.com,12396
12397devil@gmail.com,12397
12398devil@gmail.com,12398
12399devil@gmail.com,12399
12400devil@gmail.com,12400
12401devil@gmail.com,12401
12402devil@gmail.com,12402
12403devil@gmail.com,12403
12404devil@gmail.com,12404
12405devil@gmail.com,12405
12406devil@gmail.com,12406
12407devil@gmail.com,12407
12408devil@gmail.com,12408
12409devil@gmail.com,12409
12410devil@gmail.com,12410
12411devil@gmail.com,12411
12412devil@gmail.com,12412
12413devil@gmail.com,12413
12414devil@gmail.com,12414
12415devil@gmail.com,12415
12416devil@gmail.com,12416
12417devil@gmail.com,12417
12418devil@gmail.com,12418
12419devil@gmail.com,12419
12420devil@gmail.com,12420
12421devil@gmail.com,12421
12422devil@gmail.com,12422
12423devil@gmail.com,12423
12424devil@gmail.com,12424
12425devil@gmail.com,12425
12426devil@gmail.com,12426
12427devil@gmail.com,12427
12428devil@gmail.com,12428
12429devil@gmail.com,12429
12430devil@gmail.com,12430
12431devil@gmail.com,12431
12432devil@gmail.com,12432
12433devil@gmail.com,12433
12434devil@gmail.com,12434
12435devil@gmail.com,12435
12436devil@gmail.com,12436
12437devil@gmail.com,12437
12438devil@gmail.com,12438
12439devil@gmail.com,12439
12440devil@gmail.com,12440
12441devil@gmail.com,12441
12442devil@gmail.com,12442
12443devil@gmail.com,12443
12444devil@gmail.com,12444
12445devil@gmail.com,12445
12446devil@gmail.com,12446
12447devil@gmail.com,12447
12448devil@gmail.com,12448
12449devil@gmail.com,12449
12450devil@gmail.com,12450
12451devil@gmail.com,12451
12452devil@gmail.com,12452
12453devil@gmail.com,12453
12454devil@gmail.com,12454
12455devil@gmail.com,12455
12456devil@gmail.com,12456
12457devil@gmail.com,12457
12458devil@gmail.com,12458
12459devil@gmail.com,12459
12460devil@gmail.com,12460
12461devil@gmail.com,12461
12462devil@gmail.com,12462
12463devil@gmail.com,12463
12464devil@gmail.com,12464
12465devil@gmail.com,12465
12466devil@gmail.com,12466
12467devil@gmail.com,12467
12468devil@gmail.com,12468
12469devil@gmail.com,12469
12470devil@gmail.com,12470
12471devil@gmail.com,12471
12472devil@gmail.com,12472
12473devil@gmail.com,12473
12474devil@gmail.com,12474
12475devil@gmail.com,12475
12476devil@gmail.com,12476
12477devil@gmail.com,12477
12478devil@gmail.com,12478
12479devil@gmail.com,12479
12480devil@gmail.com,12480
12481devil@gmail.com,12481
12482devil@gmail.com,12482
12483devil@gmail.com,12483
12484devil@gmail.com,12484
12485devil@gmail.com,12485
12486devil@gmail.com,12486
12487devil@gmail.com,12487
12488devil@gmail.com,12488
12489devil@gmail.com,12489
12490devil@gmail.com,12490
12491devil@gmail.com,12491
12492devil@gmail.com,12492
12493devil@gmail.com,12493
12494devil@gmail.com,12494
12495devil@gmail.com,12495
12496devil@gmail.com,12496
12497devil@gmail.com,12497
12498devil@gmail.com,12498
12499devil@gmail.com,12499
12500devil@gmail.com,12500
12501devil@gmail.com,12501
12502devil@gmail.com,12502
12503devil@gmail.com,12503
12504devil@gmail.com,12504
12505devil@gmail.com,12505
12506devil@gmail.com,12506
12507devil@gmail.com,12507
12508devil@gmail.com,12508
12509devil@gmail.com,12509
12510devil@gmail.com,12510
12511devil@gmail.com,12511
12512devil@gmail.com,12512
12513devil@gmail.com,12513
12514devil@gmail.com,12514
12515devil@gmail.com,12515
12516devil@gmail.com,12516
12517devil@gmail.com,12517
12518devil@gmail.com,12518
12519devil@gmail.com,12519
12520devil@gmail.com,12520
12521devil@gmail.com,12521
12522devil@gmail.com,12522
12523devil@gmail.com,12523
12524devil@gmail.com,12524
12525devil@gmail.com,12525
12526devil@gmail.com,12526
12527devil@gmail.com,12527
12528devil@gmail.com,12528
12529devil@gmail.com,12529
12530devil@gmail.com,12530
12531devil@gmail.com,12531
12532devil@gmail.com,12532
12533devil@gmail.com,12533
12534devil@gmail.com,12534
12535devil@gmail.com,12535
12536devil@gmail.com,12536
12537devil@gmail.com,12537
12538devil@gmail.com,12538
12539devil@gmail.com,12539
12540devil@gmail.com,12540
12541devil@gmail.com,12541
12542devil@gmail.com,12542
12543devil@gmail.com,12543
12544devil@gmail.com,12544
12545devil@gmail.com,12545
12546devil@gmail.com,12546
12547devil@gmail.com,12547
12548devil@gmail.com,12548
12549devil@gmail.com,12549
12550devil@gmail.com,12550
12551devil@gmail.com,12551
12552devil@gmail.com,12552
12553devil@gmail.com,12553
12554devil@gmail.com,12554
12555devil@gmail.com,12555
12556devil@gmail.com,12556
12557devil@gmail.com,12557
12558devil@gmail.com,12558
12559devil@gmail.com,12559
12560devil@gmail.com,12560
12561devil@gmail.com,12561
12562devil@gmail.com,12562
12563devil@gmail.com,12563
12564devil@gmail.com,12564
12565devil@gmail.com,12565
12566devil@gmail.com,12566
12567devil@gmail.com,12567
12568devil@gmail.com,12568
12569devil@gmail.com,12569
12570devil@gmail.com,12570
12571devil@gmail.com,12571
12572devil@gmail.com,12572
12573devil@gmail.com,12573
12574devil@gmail.com,12574
12575devil@gmail.com,12575
12576devil@gmail.com,12576
12577devil@gmail.com,12577
12578devil@gmail.com,12578
12579devil@gmail.com,12579
12580devil@gmail.com,12580
12581devil@gmail.com,12581
12582devil@gmail.com,12582
12583devil@gmail.com,12583
12584devil@gmail.com,12584
12585devil@gmail.com,12585
12586devil@gmail.com,12586
12587devil@gmail.com,12587
12588devil@gmail.com,12588
12589devil@gmail.com,12589
12590devil@gmail.com,12590
12591devil@gmail.com,12591
12592devil@gmail.com,12592
12593devil@gmail.com,12593
12594devil@gmail.com,12594
12595devil@gmail.com,12595
12596devil@gmail.com,12596
12597devil@gmail.com,12597
12598devil@gmail.com,12598
12599devil@gmail.com,12599
12600devil@gmail.com,12600
12601devil@gmail.com,12601
12602devil@gmail.com,12602

12603devil@gmail.com,12603
